[{"family":"MaterialIcons","fonts":[{"asset":"fonts/MaterialIcons-Regular.otf"}]},{"family":"IBMPlexSansArabic","fonts":[{"weight":100,"asset":"assets/fonts/IBMPlexSansArabic-Thin.ttf"},{"weight":200,"asset":"assets/fonts/IBMPlexSansArabic-ExtraLight.ttf"},{"weight":300,"asset":"assets/fonts/IBMPlexSansArabic-Light.ttf"},{"weight":400,"asset":"assets/fonts/IBMPlexSansArabic-Regular.ttf"},{"weight":500,"asset":"assets/fonts/IBMPlexSansArabic-Medium.ttf"},{"weight":600,"asset":"assets/fonts/IBMPlexSansArabic-SemiBold.ttf"},{"weight":700,"asset":"assets/fonts/IBMPlexSansArabic-Bold.ttf"}]},{"family":"FontAwesome","fonts":[{"asset":"assets/fonts/FontAwesome7_0_1Pro-Regular-400.otf"}]},{"family":"packages/font_awesome_flutter/FontAwesomeBrands","fonts":[{"weight":400,"asset":"packages/font_awesome_flutter/lib/fonts/Font-Awesome-7-Brands-Regular-400.otf"}]},{"family":"packages/font_awesome_flutter/FontAwesomeRegular","fonts":[{"weight":400,"asset":"packages/font_awesome_flutter/lib/fonts/Font-Awesome-7-Free-Regular-400.otf"}]},{"family":"packages/font_awesome_flutter/FontAwesomeSolid","fonts":[{"weight":900,"asset":"packages/font_awesome_flutter/lib/fonts/Font-Awesome-7-Free-Solid-900.otf"}]},{"family":"packages/cupertino_icons/CupertinoIcons","fonts":[{"asset":"packages/cupertino_icons/assets/CupertinoIcons.ttf"}]}]